Wallet Address,Quantity,Type,Checked,DateTime
dym16mc0002v40sjdw5h2envqsjm3vzvh5pyw6eezw,,,FALSE,
dym1sdd3p7rlhekaunfww4zpr8pfdprt69p9gscewf,,,FALSE,
dym1v42l5vgq47xx95rjpsc9pp8y6ma553szt7x5f3,,,FALSE,
dym1g3djlajjyqe6lcfz4lphc97csdgnnw249vru73,,,FALSE,
dym1eh3qqxgtq8d33vzzpnypehhmky9jqs4meg30s6,,,FALSE,
dym1c4c0tdyz0yue2vlz5zs88qaun4ravxmh9gaq9q,,,FALSE,
dym1zmf5agcphdwaky3w8sc7xfagft9xw9arrpzn96,,,FALSE,
dym1rrtjsz3x37djk6en4lt5xk4c48tya5z3v5jre0,,,FALSE,
dym1hmk3yqj06ztu02jc4kp4gxrjttn774kslxzx4c,,,FALSE,
dym1u92ds9c0rwtx6uq26n9qq80l7rh7c0juptdmtg,,,FALSE,
dym1tc0rx0e7d7wl0zt7rsldp4x56f4yd69yujxqf6,,,FALSE,
dym1hvqatgwjttrv4lc6ce4s0twa0gg6hsf4q4fxfr,,,FALSE,
dym1fkfyxajz6gw3ydtauqm0j66ya6hhq477j4wj8p,,,FALSE,
dym1gs0a3c99ktjv4l9yuh3g6nv258qe94hzv004r7,,,FALSE,
dym1jt6dhznew3j44ecel44e5mjtq04x0pjke5nrmd,,,FALSE,
dym1x85q2mv4fqycaqdsat7gupdn5a5avy5tqhnnth,,,true,2025-02-10 01:43:25
dym1gc845qnh7hgyevrcrpcra53p39vqhrl0jwhjkk,,,FALSE,
dym1d29yhsarwq4x70umy92knp58l6pqmwsnu4rl37,,,FALSE,
dym1xlaj6u5dy46fregnfy992n275shqnf5gfr25y4,,,FALSE,
dym1hxfqpr6uc9d0tqjgz3gfzas0cggn8f7zae5fnq,,,FALSE,
dym1aj369ypgf4qq5dxatsl0yqrjvt59z35f604p05,,,FALSE,
dym1yddz6qtah2395xu5canzcqnqjf6q4epkzdj200,,,FALSE,
dym16k7y5df6pccmgx4t7d68ytkps573kq7ssvxaut,,,FALSE,
dym1n0xrk63d8m2epxggqd6u7p0xpl70ktdaxsykld,,,FALSE,
dym1l395xvv5u2cqn9qscqmu5tz3r4h869une8q6fd,,,FALSE,
dym1yhne506e0gmvl5w5ppcrfs2vlsaluuccnldu5d,,,FALSE,
dym12s2jc8ad95pc0kleaagn69r52vxau8lf43rnss,,,FALSE,
dym1tkngx5dapq4tmfe7g2kfs8d4rkfkflnfclxv4l,,,FALSE,
dym1zgn5n8a40at9f9s25ny4qhta29pj450rt47485,,,FALSE,
dym1qpa2kx5ddrjcjm0w0hfv6s36qz6ndc73d8la9q,,,FALSE,
dym1sgq3dfgumqx0lqwmu2gjlpqjd6g3c9962ahsyl,,,FALSE,
dym182eusus04pyyneg6c3n5uqklzp7d69hq2uenc4,,,FALSE,
dym1nmlxgzzykf85wv0dl03vkq4k88njqgqraavvqs,,,FALSE,
dym1v0vnxw6ah6xsazz8d36qmmwhu9ksy0xxqz2lj3,,,FALSE,
dym1lpvjk8sfmzntlzmy9fmr7n6n6cx4pjdg4xvzh4,,,FALSE,
dym17kl8l0mnnvfkxanpyjrg8aqdn49g32k90jf34u,,,true,2025-02-10 01:41:13
